timestamp,event_type,user,source_ip,status
2026-03-04T10:00:00Z,login,user_0,192.168.1.1,success
2026-03-04T10:01:00Z,login,user_1,192.168.1.2,success
2026-03-04T10:02:00Z,login,user_2,192.168.1.3,success
2026-03-04T10:03:00Z,login,user_3,192.168.1.4,success
2026-03-04T10:04:00Z,login,user_4,192.168.1.5,success
2026-03-04T10:05:00Z,login,user_5,192.168.1.6,success
2026-03-04T10:06:00Z,login,user_6,192.168.1.7,success
2026-03-04T10:07:00Z,login,user_7,192.168.1.8,success
2026-03-04T10:08:00Z,login,user_8,192.168.1.9,success
2026-03-04T10:09:00Z,login,user_9,192.168.1.10,success
2026-03-04T10:10:00Z,login,user_10,192.168.1.11,success
2026-03-04T10:11:00Z,login,user_11,192.168.1.12,success
2026-03-04T10:12:00Z,login,user_12,192.168.1.13,success
2026-03-04T10:13:00Z,login,user_13,192.168.1.14,success
2026-03-04T10:14:00Z,login,user_14,192.168.1.15,success
2026-03-04T10:15:00Z,login,user_15,192.168.1.16,success
2026-03-04T10:16:00Z,login,user_16,192.168.1.17,success
2026-03-04T10:17:00Z,login,user_17,192.168.1.18,success
2026-03-04T10:18:00Z,login,user_18,192.168.1.19,success
2026-03-04T10:19:00Z,login,user_19,192.168.1.20,success
2026-03-04T10:20:00Z,login,user_20,192.168.1.21,success
2026-03-04T10:21:00Z,login,user_21,192.168.1.22,success
2026-03-04T10:22:00Z,login,user_22,192.168.1.23,success
2026-03-04T10:23:00Z,login,user_23,192.168.1.24,success
2026-03-04T10:24:00Z,login,user_24,192.168.1.25,success
2026-03-04T10:25:00Z,login,user_25,192.168.1.26,success
2026-03-04T10:26:00Z,login,user_26,192.168.1.27,success
2026-03-04T10:27:00Z,login,user_27,192.168.1.28,success
2026-03-04T10:28:00Z,login,user_28,192.168.1.29,success
2026-03-04T10:29:00Z,login,user_29,192.168.1.30,success
2026-03-04T10:30:00Z,login,user_30,192.168.1.31,success
2026-03-04T10:31:00Z,login,user_31,192.168.1.32,success
2026-03-04T10:32:00Z,login,user_32,192.168.1.33,success
2026-03-04T10:33:00Z,login,user_33,192.168.1.34,success
2026-03-04T10:34:00Z,login,user_34,192.168.1.35,success
2026-03-04T10:35:00Z,login,user_35,192.168.1.36,success
2026-03-04T10:36:00Z,login,user_36,192.168.1.37,success
2026-03-04T10:37:00Z,login,user_37,192.168.1.38,success
2026-03-04T10:38:00Z,login,user_38,192.168.1.39,success
2026-03-04T10:39:00Z,login,user_39,192.168.1.40,success
2026-03-04T10:40:00Z,login,user_40,192.168.1.41,success
2026-03-04T10:41:00Z,login,user_41,192.168.1.42,success
2026-03-04T10:42:00Z,login,user_42,192.168.1.43,success
2026-03-04T10:43:00Z,login,user_43,192.168.1.44,success
2026-03-04T10:44:00Z,login,user_44,192.168.1.45,success
2026-03-04T10:45:00Z,login,user_45,192.168.1.46,success
2026-03-04T10:46:00Z,login,user_46,192.168.1.47,success
2026-03-04T10:47:00Z,login,user_47,192.168.1.48,success
2026-03-04T10:48:00Z,login,user_48,192.168.1.49,success
2026-03-04T10:49:00Z,login,user_49,192.168.1.50,success
2026-03-04T10:50:00Z,login,user_50,192.168.1.51,success
2026-03-04T10:51:00Z,login,user_51,192.168.1.52,success
2026-03-04T10:52:00Z,login,user_52,192.168.1.53,success
2026-03-04T10:53:00Z,login,user_53,192.168.1.54,success
2026-03-04T10:54:00Z,login,user_54,192.168.1.55,success
2026-03-04T10:55:00Z,login,user_55,192.168.1.56,success
2026-03-04T10:56:00Z,login,user_56,192.168.1.57,success
2026-03-04T10:57:00Z,login,user_57,192.168.1.58,success
2026-03-04T10:58:00Z,login,user_58,192.168.1.59,success
2026-03-04T10:59:00Z,login,user_59,192.168.1.60,success
2026-03-04T10:00:00Z,login,user_60,192.168.1.61,success
2026-03-04T10:01:00Z,login,user_61,192.168.1.62,success
2026-03-04T10:02:00Z,login,user_62,192.168.1.63,success
2026-03-04T10:03:00Z,login,user_63,192.168.1.64,success
2026-03-04T10:04:00Z,login,user_64,192.168.1.65,success
2026-03-04T10:05:00Z,login,user_65,192.168.1.66,success
2026-03-04T10:06:00Z,login,user_66,192.168.1.67,success
2026-03-04T10:07:00Z,login,user_67,192.168.1.68,success
2026-03-04T10:08:00Z,login,user_68,192.168.1.69,success
2026-03-04T10:09:00Z,login,user_69,192.168.1.70,success
2026-03-04T10:10:00Z,login,user_70,192.168.1.71,success
2026-03-04T10:11:00Z,login,user_71,192.168.1.72,success
2026-03-04T10:12:00Z,login,user_72,192.168.1.73,success
2026-03-04T10:13:00Z,login,user_73,192.168.1.74,success
2026-03-04T10:14:00Z,login,user_74,192.168.1.75,success
2026-03-04T10:15:00Z,login,user_75,192.168.1.76,success
2026-03-04T10:16:00Z,login,user_76,192.168.1.77,success
2026-03-04T10:17:00Z,login,user_77,192.168.1.78,success
2026-03-04T10:18:00Z,login,user_78,192.168.1.79,success
2026-03-04T10:19:00Z,login,user_79,192.168.1.80,success